{
  "Name": "New",
  "Size": {
    "X": 0.0,
    "Y": 0.0,
    "Z": -2.14748365E+09
  },
  "WallElements": [
    {
      "Model": "Wall",
      "Material": null,
      "Positions": [
        {
          "X": 0.0,
          "Y": 0.0,
          "Z": 1.07374182E+09
        },
        {
          "X": 0.0,
          "Y": 0.0,
          "Z": 1.07374182E+09
        },
        {
          "X": 0.0,
          "Y": 0.0,
          "Z": 1.07374182E+09
        }
      ]
    }
  ]
}